TransactionID,CustomerID,AccountID,AccountType,TransactionType,Product,Firm,Region,Manager,TransactionDate,TransactionAmount,AccountBalance,RiskScore,CreditRating,TenureMonths,Month,Year,TransactionCategory,GapDays
76,CUST6735,ACC10117,Loan,Payment,Credit Card,Firm D,North,Manager 1,2023-11-08,83158.65148,110937.5741,0.609497243,687,236,2023-11,2023,Debit,160.0
112,CUST8091,ACC10117,Loan,Deposit,Personal Loan,Firm A,West,Manager 2,2024-04-06,54168.90233,97023.17014,0.720880342,400,148,2024-04,2024,Credit,150.0
72,CUST7002,ACC10117,Savings,Deposit,Mutual Fund,Firm B,North,Manager 2,2024-06-22,60877.05837,89254.1245,0.495491287,586,93,2024-06,2024,Credit,77.0
72,CUST3041,ACC10996,Savings,Payment,Savings Account,Firm E,North,Manager 4,2023-10-16,77860.86889,66344.39469,0.67069081,667,232,2023-10,2023,Debit,272.0
64,CUST9038,ACC10996,Savings,Withdrawal,Personal Loan,Firm C,West,Manager 1,2024-01-01,70136.96717,25464.12779,0.579621582,797,217,2024-01,2024,Debit,74.0
41,CUST3006,ACC10996,Current,Withdrawal,Home Loan,Firm A,North,Manager 2,2024-06-21,37989.87644,53528.81451,0.495872766,665,104,2024-06,2024,Debit,172.0
49,CUST8155,ACC11062,Savings,Withdrawal,Mutual Fund,Firm A,West,Manager 1,2024-02-04,75764.39418,81908.52183,0.688226437,661,25,2024-02,2024,Debit,88.0
159,CUST7730,ACC11188,Credit,Deposit,Home Loan,Firm A,South,Manager 2,2023-11-07,20835.54635,86796.68031,0.501441808,816,168,2023-11,2023,Credit,195.0
99,CUST4584,ACC11285,Credit,Payment,Mutual Fund,Firm D,West,Manager 1,2024-03-30,88130.72313,-17751.21681,0.812134968,724,30,2024-03,2024,Debit,410.0
176,CUST8279,ACC11837,Credit,Transfer,Savings Account,Firm E,South,Manager 2,2024-05-22,46855.56943,33699.34953,0.00410499,714,12,2024-05,2024,Debit,456.0
110,CUST6350,ACC12182,Credit,Payment,Personal Loan,Firm A,East,Manager 1,2023-09-28,44400.42621,87156.82842,0.341698841,333,144,2023-09,2023,Debit,158.0
127,CUST7255,ACC12334,Credit,Payment,Personal Loan,Firm C,East,Manager 4,2023-10-31,27648.5,97733.64305,0.5197755,581,73,2023-10,2023,Debit,283.0
172,CUST2443,ACC12334,Savings,Payment,Savings Account,Firm C,Central,Manager 2,2024-02-04,49544.07692,19992.28895,0.670882753,758,18,2024-02,2024,Debit,88.0
131,CUST5916,ACC12334,Loan,Withdrawal,Savings Account,Firm E,South,Manager 2,2024-06-08,91472.13581,35311.92158,0.480789368,804,155,2024-06,2024,Debit,125.0
47,CUST8318,ACC13357,Loan,Transfer,Savings Account,Firm B,East,Manager 2,2023-04-26,107480.8425,84277.08547,0.202534086,434,63,2023-04,2023,Debit,99.0
127,CUST6029,ACC13357,Current,Transfer,Savings Account,Firm A,North,Manager 2,2023-09-26,80816.28559,69721.56267,0.70142634,836,121,2023-09,2023,Debit,98.0
60,CUST7994,ACC15228,Credit,Payment,Personal Loan,Firm B,West,Manager 4,2023-06-01,37429.61885,77285.30088,0.760971039,354,111,2023-06,2023,Debit,77.0
104,CUST8772,ACC15228,Savings,Withdrawal,Home Loan,Firm A,East,Manager 4,2023-08-06,68356.15626,145205.2998,0.256513405,715,41,2023-08,2023,Debit,66.0
86,CUST4769,ACC15228,Loan,Withdrawal,Credit Card,Firm D,North,Manager 2,2024-02-05,53733.31589,79515.71725,0.254268022,359,106,2024-02,2024,Debit,105.0
162,CUST4402,ACC15359,Credit,Withdrawal,Home Loan,Firm E,North,Manager 3,2023-06-06,-20209.22098,77319.43035,0.690673919,845,120,2023-06,2023,Debit,91.0
183,CUST6330,ACC15925,Current,Withdrawal,Mutual Fund,Firm C,West,Manager 4,2023-08-16,50288.59729,115547.2248,0.744799144,734,160,2023-08,2023,Debit,108.0
178,CUST2541,ACC16241,Savings,Deposit,Mutual Fund,Firm D,Central,Manager 3,2023-10-24,66673.77854,52203.2057,0.219475273,765,15,2023-10,2023,Credit,289.0
196,CUST8461,ACC16241,Credit,Withdrawal,Personal Loan,Firm C,West,Manager 4,2024-02-13,65374.00641,85721.07428,0.723957782,829,135,2024-02,2024,Debit,88.0
138,CUST5545,ACC16664,Loan,Withdrawal,Mutual Fund,Firm B,North,Manager 3,2023-11-19,38772.79958,71863.43156,0.679091287,714,103,2023-11,2023,Debit,171.0
8,CUST1749,ACC16664,Credit,Deposit,Home Loan,Firm A,Central,Manager 3,2024-03-21,39883.06036,162980.5791,0.403236433,446,23,2024-03,2024,Credit,123.0
194,CUST6319,ACC17688,Loan,Withdrawal,Mutual Fund,Firm A,North,Manager 2,2024-05-28,129902.8088,90395.88047,0.479094397,412,233,2024-05,2024,Debit,210.0
69,CUST6082,ACC18057,Credit,Payment,Home Loan,Firm B,East,Manager 3,2024-03-30,81957.46609,91644.14363,0.662105524,697,21,2024-03,2024,Debit,378.0
100,CUST8028,ACC19156,Savings,Withdrawal,Savings Account,Firm C,East,Manager 3,2023-10-06,25848.83111,100913.7795,0.355991055,488,145,2023-10,2023,Debit,212.0
103,CUST2626,ACC19156,Loan,Withdrawal,Savings Account,Firm C,East,Manager 4,2024-05-04,62627.44966,126017.5872,0.603774819,585,28,2024-05,2024,Debit,191.0
69,CUST9564,ACC19178,Savings,Transfer,Credit Card,Firm A,East,Manager 1,2023-03-26,20372.40788,66094.63887,0.500340687,800,9,2023-03,2023,Debit,73.0
125,CUST4669,ACC19178,Savings,Withdrawal,Personal Loan,Firm E,North,Manager 2,2023-12-17,87504.41572,133098.7831,0.646909743,611,228,2023-12,2023,Debit,169.0
29,CUST7855,ACC20297,Savings,Deposit,Mutual Fund,Firm E,West,Manager 3,2023-12-25,49446.16946,124754.7305,0.704261311,668,175,2023-12,2023,Credit,131.0
165,CUST2699,ACC20297,Credit,Deposit,Personal Loan,Firm C,Central,Manager 2,2024-05-22,48678.69833,72501.99069,0.28840928,320,55,2024-05,2024,Credit,149.0
167,CUST9843,ACC21264,Current,Transfer,Home Loan,Firm C,East,Manager 2,2023-06-20,149404.3302,71076.7765,0.371491156,769,61,2023-06,2023,Debit,126.0
133,CUST6351,ACC21264,Current,Deposit,Mutual Fund,Firm A,North,Manager 1,2024-04-25,40345.62874,108841.87,0.395997804,635,19,2024-04,2024,Credit,258.0
176,CUST8529,ACC21429,Current,Transfer,Credit Card,Firm B,South,Manager 1,2023-05-12,58180.23058,47690.00861,0.648770365,355,72,2023-05,2023,Debit,65.0
84,CUST6526,ACC21429,Credit,Payment,Savings Account,Firm D,East,Manager 4,2023-11-17,52815.80414,88589.89684,0.488018366,720,97,2023-11,2023,Debit,164.0
31,CUST7994,ACC21429,Loan,Deposit,Mutual Fund,Firm B,East,Manager 4,2024-05-04,57015.80382,82509.89988,0.642543265,385,188,2024-05,2024,Credit,81.0
80,CUST3041,ACC21719,Credit,Deposit,Savings Account,Firm D,Central,Manager 1,2023-10-19,-4859.967874,44677.48767,0.342064445,379,163,2023-10,2023,Credit,277.0
54,CUST5920,ACC21719,Current,Transfer,Home Loan,Firm B,North,Manager 4,2024-04-06,44673.92448,66368.47801,0.742451062,400,90,2024-04,2024,Debit,96.0
98,CUST9564,ACC21878,Credit,Deposit,Mutual Fund,Firm D,Central,Manager 3,2023-08-22,60398.54546,82880.3162,0.437976169,762,181,2023-08,2023,Credit,73.0
187,CUST6292,ACC21878,Credit,Deposit,Personal Loan,Firm C,Central,Manager 3,2023-11-07,59979.76823,12277.12233,0.350251294,374,86,2023-11,2023,Credit,77.0
162,CUST5320,ACC21878,Loan,Transfer,Credit Card,Firm C,West,Manager 2,2024-03-01,86457.82325,82227.60167,0.546241676,472,170,2024-03,2024,Debit,115.0
196,CUST3153,ACC22036,Savings,Deposit,Personal Loan,Firm A,Central,Manager 2,2024-01-12,34001.37749,113917.1129,0.453893594,613,231,2024-01,2024,Credit,161.0
39,CUST1376,ACC22255,Loan,Payment,Mutual Fund,Firm B,East,Manager 2,2023-07-06,11598.69515,68896.13827,0.169169322,420,186,2023-07,2023,Debit,172.0
55,CUST1121,ACC22255,Savings,Transfer,Personal Loan,Firm E,East,Manager 1,2023-10-18,47619.53358,103275.5724,0.30006158,342,70,2023-10,2023,Debit,104.0
145,CUST6937,ACC22255,Loan,Deposit,Savings Account,Firm E,Central,Manager 3,2024-03-22,58651.91779,72225.35527,0.745542196,421,163,2024-03,2024,Credit,103.0
96,CUST5500,ACC22799,Savings,Withdrawal,Credit Card,Firm D,North,Manager 4,2023-11-19,29842.73591,134565.7331,1.030574268,703,182,2023-11,2023,Debit,125.0
130,CUST9038,ACC22799,Credit,Transfer,Home Loan,Firm C,East,Manager 2,2024-01-29,86565.87023,68587.62512,0.179703134,568,171,2024-01,2024,Debit,71.0
48,CUST9248,ACC23736,Savings,Payment,Savings Account,Firm E,West,Manager 3,2023-06-18,79308.09628,57472.39515,0.50034257,732,208,2023-06,2023,Debit,156.0
8,CUST4684,ACC23736,Current,Withdrawal,Savings Account,Firm C,Central,Manager 4,2023-10-06,93934.32573,113590.7699,0.778630751,841,74,2023-10,2023,Debit,110.0
62,CUST5894,ACC23985,Credit,Transfer,Savings Account,Firm D,South,Manager 2,2023-06-01,110035.4653,87317.43354,0.923771202,671,152,2023-06,2023,Debit,100.0
193,CUST8772,ACC23985,Credit,Deposit,Home Loan,Firm D,East,Manager 1,2024-03-02,53261.23552,88683.23287,0.710467686,551,127,2024-03,2024,Credit,275.0
135,CUST1497,ACC23985,Savings,Transfer,Savings Account,Firm C,North,Manager 4,2024-06-16,80112.81644,95588.08645,0.22551007,772,91,2024-06,2024,Debit,106.0
36,CUST8091,ACC24070,Loan,Deposit,Savings Account,Firm C,North,Manager 1,2023-07-19,17475.74958,88914.74135,0.424062254,789,127,2023-07,2023,Credit,133.0
115,CUST4769,ACC24070,Current,Transfer,Home Loan,Firm D,East,Manager 4,2024-06-13,111534.8367,75843.62816,0.25645252,675,70,2024-06,2024,Debit,236.0
180,CUST9731,ACC24508,Loan,Deposit,Home Loan,Firm D,East,Manager 3,2023-06-06,79121.42154,64104.81478,0.794726985,486,161,2023-06,2023,Credit,129.0
120,CUST6937,ACC24508,Current,Withdrawal,Mutual Fund,Firm A,South,Manager 1,2023-10-16,27656.63933,109317.4965,0.138056965,557,7,2023-10,2023,Debit,132.0
168,CUST3602,ACC24880,Credit,Deposit,Home Loan,Firm A,West,Manager 2,2023-09-26,49818.53896,34099.05616,0.464511354,568,216,2023-09,2023,Credit,194.0
171,CUST5545,ACC24880,Savings,Deposit,Mutual Fund,Firm A,North,Manager 2,2024-03-28,44410.00366,-5199.930807,0.591813094,495,156,2024-03,2024,Credit,154.0
90,CUST3315,ACC24981,Savings,Withdrawal,Home Loan,Firm D,Central,Manager 1,2023-07-01,87135.50004,79579.94924,0.616491712,708,127,2023-07,2023,Debit,154.0
175,CUST9564,ACC24981,Savings,Deposit,Personal Loan,Firm A,South,Manager 1,2023-11-20,42706.87696,87236.53914,0.193033971,352,80,2023-11,2023,Credit,96.0
177,CUST3069,ACC25132,Current,Payment,Mutual Fund,Firm C,West,Manager 4,2023-08-16,51891.60996,39204.78178,0.318814463,710,178,2023-08,2023,Debit,103.0
74,CUST8416,ACC25132,Credit,Payment,Credit Card,Firm A,Central,Manager 4,2024-05-24,78848.97944,62869.22346,0.607814364,847,45,2024-05,2024,Debit,83.0
176,CUST5610,ACC25811,Loan,Payment,Mutual Fund,Firm B,South,Manager 2,2024-02-06,33936.64367,79341.4972,0.620229529,589,41,2024-02,2024,Debit,204.0
49,CUST2915,ACC25811,Current,Payment,Credit Card,Firm D,South,Manager 1,2024-05-24,44397.6266,81856.57309,0.767041298,552,183,2024-05,2024,Debit,108.0
6,CUST3006,ACC26026,Credit,Withdrawal,Mutual Fund,Firm D,North,Manager 3,2024-03-21,25874.3663,68443.94386,0.376217741,557,58,2024-03,2024,Debit,69.0
186,CUST1569,ACC26940,Savings,Payment,Personal Loan,Firm C,West,Manager 2,2023-05-29,45963.64249,39019.98408,0.429083258,448,75,2023-05,2023,Debit,147.0
9,CUST4003,ACC26940,Current,Transfer,Mutual Fund,Firm D,East,Manager 1,2023-08-06,55945.33937,59039.57115,0.655595343,692,235,2023-08,2023,Debit,69.0
92,CUST8390,ACC26940,Current,Withdrawal,Savings Account,Firm C,East,Manager 2,2023-10-24,70038.9242,59189.00773,0.671116153,691,19,2023-10,2023,Debit,79.0
48,CUST5428,ACC26956,Loan,Payment,Savings Account,Firm E,East,Manager 2,2023-08-11,39289.40172,43017.22092,0.496883296,843,40,2023-08,2023,Debit,178.0
159,CUST6776,ACC26973,Current,Deposit,Credit Card,Firm E,North,Manager 3,2023-08-18,56479.68877,32916.19451,0.288895411,426,134,2023-08,2023,Credit,84.0
56,CUST7345,ACC28292,Current,Transfer,Credit Card,Firm C,Central,Manager 2,2023-06-17,66721.18509,82005.75143,0.168218712,385,182,2023-06,2023,Debit,69.0
143,CUST4855,ACC28292,Loan,Payment,Home Loan,Firm B,Central,Manager 4,2024-02-21,42626.26484,51687.66788,0.318083634,485,236,2024-02,2024,Debit,249.0
66,CUST9731,ACC28305,Credit,Withdrawal,Home Loan,Firm B,North,Manager 1,2023-06-10,74841.32265,117777.011,0.365468423,578,226,2023-06,2023,Debit,133.0
134,CUST6038,ACC28612,Loan,Payment,Home Loan,Firm D,South,Manager 4,2024-06-22,85067.36773,27047.56063,0.520253867,707,225,2024-06,2024,Debit,491.0
112,CUST2464,ACC29231,Loan,Deposit,Mutual Fund,Firm A,North,Manager 4,2023-08-16,71757.6579,113753.4928,0.519914985,706,21,2023-08,2023,Credit,171.0
171,CUST1376,ACC29356,Credit,Withdrawal,Savings Account,Firm D,East,Manager 2,2024-01-29,81150.96501,91583.15867,0.299448897,365,91,2024-01,2024,Debit,165.0
163,CUST1498,ACC29396,Savings,Deposit,Savings Account,Firm E,East,Manager 3,2023-06-06,13840.62421,70447.14038,0.175123903,733,232,2023-06,2023,Credit,116.0
10,CUST2942,ACC29396,Loan,Withdrawal,Credit Card,Firm A,South,Manager 3,2023-09-19,93775.82128,42812.84946,0.667118736,461,119,2023-09,2023,Debit,93.0
128,CUST9038,ACC29396,Savings,Payment,Mutual Fund,Firm A,West,Manager 3,2023-11-28,53981.45073,109197.0589,0.283786421,553,231,2023-11,2023,Debit,70.0
133,CUST2694,ACC29477,Loan,Payment,Savings Account,Firm E,South,Manager 1,2023-11-06,91070.932,91613.95595,0.760211297,784,114,2023-11,2023,Debit,164.0
93,CUST6565,ACC29477,Credit,Deposit,Home Loan,Firm E,East,Manager 3,2024-05-15,3997.036137,98370.19266,0.609643523,843,158,2024-05,2024,Credit,191.0
142,CUST1569,ACC29646,Loan,Withdrawal,Home Loan,Firm E,West,Manager 1,2024-04-15,54297.76613,19790.47971,0.727681236,688,210,2024-04,2024,Debit,300.0
90,CUST5253,ACC30146,Savings,Transfer,Personal Loan,Firm C,West,Manager 3,2023-05-15,46891.00481,119549.8464,0.589104349,740,167,2023-05,2023,Debit,107.0
62,CUST7028,ACC30146,Current,Withdrawal,Savings Account,Firm C,East,Manager 4,2023-10-23,49172.54085,28356.73787,0.380336179,676,116,2023-10,2023,Debit,161.0
98,CUST9248,ACC30146,Current,Transfer,Home Loan,Firm C,East,Manager 2,2024-01-29,87002.45147,25113.77066,0.129235674,652,176,2024-01,2024,Debit,98.0
110,CUST7395,ACC30146,Current,Transfer,Home Loan,Firm C,South,Manager 1,2024-05-02,49376.282,43079.31736,1.072391242,721,171,2024-05,2024,Debit,94.0
161,CUST9248,ACC30787,Savings,Transfer,Credit Card,Firm C,South,Manager 3,2023-06-18,76142.50495,27158.43922,0.611815013,337,109,2023-06,2023,Debit,160.0
55,CUST9962,ACC30787,Credit,Deposit,Personal Loan,Firm E,Central,Manager 2,2024-01-29,78649.1686,60225.02599,0.364121516,631,26,2024-01,2024,Credit,225.0
149,CUST1223,ACC30852,Savings,Withdrawal,Home Loan,Firm C,Central,Manager 4,2024-05-02,86652.65236,46609.71693,0.766669835,566,78,2024-05,2024,Debit,232.0
147,CUST3131,ACC31539,Savings,Payment,Home Loan,Firm C,Central,Manager 2,2024-01-12,52127.89869,39287.16612,0.580789209,569,29,2024-01,2024,Debit,80.0
29,CUST8288,ACC31539,Savings,Deposit,Savings Account,Firm C,South,Manager 3,2024-06-08,60974.4831,58324.09021,0.529987638,823,124,2024-06,2024,Credit,121.0
9,CUST2427,ACC31902,Loan,Transfer,Savings Account,Firm B,West,Manager 2,2024-05-04,80875.76292,96948.99843,0.442550791,733,91,2024-05,2024,Debit,425.0
69,CUST4241,ACC32627,Loan,Transfer,Home Loan,Firm A,East,Manager 3,2024-01-08,70390.8241,118785.0375,0.366922585,520,97,2024-01,2024,Debit,304.0
70,CUST5105,ACC32627,Credit,Payment,Credit Card,Firm E,South,Manager 2,2024-06-13,-3723.918966,26315.20003,0.28501726,687,226,2024-06,2024,Debit,82.0
122,CUST6350,ACC32890,Credit,Transfer,Credit Card,Firm B,West,Manager 2,2023-04-30,119904.5257,97507.84045,0.876223626,693,149,2023-04,2023,Debit,68.0
45,CUST8416,ACC32890,Savings,Payment,Personal Loan,Firm C,North,Manager 3,2024-02-06,52503.84767,102540.9762,0.192755688,320,191,2024-02,2024,Debit,204.0
182,CUST7793,ACC33287,Savings,Deposit,Credit Card,Firm E,Central,Manager 1,2023-05-11,58425.29306,57078.18526,0.724949299,588,88,2023-05,2023,Credit,96.0
85,CUST8318,ACC33287,Savings,Transfer,Savings Account,Firm A,West,Manager 1,2023-08-18,3208.565062,92345.48415,0.657938031,536,172,2023-08,2023,Debit,60.0
86,CUST2349,ACC33287,Current,Withdrawal,Personal Loan,Firm A,West,Manager 3,2024-05-22,90097.35128,95083.17247,0.334143504,334,161,2024-05,2024,Debit,278.0
36,CUST9843,ACC34119,Credit,Withdrawal,Personal Loan,Firm E,East,Manager 3,2024-02-13,49322.93479,102787.6537,0.703303568,514,100,2024-02,2024,Debit,153.0
63,CUST4780,ACC34431,Savings,Payment,Credit Card,Firm B,West,Manager 4,2023-06-10,29402.805,105978.6221,0.256959113,817,220,2023-06,2023,Debit,140.0
95,CUST7395,ACC34431,Current,Withdrawal,Credit Card,Firm B,West,Manager 1,2024-02-04,2831.307371,65012.67382,0.171013369,573,198,2024-02,2024,Debit,239.0
114,CUST7173,ACC34568,Credit,Withdrawal,Savings Account,Firm C,South,Manager 1,2023-05-04,69326.36384,70727.16177,0.54969061,775,83,2023-05,2023,Debit,122.0
113,CUST9731,ACC34568,Savings,Transfer,Mutual Fund,Firm E,Central,Manager 1,2023-09-28,-7536.141488,112220.4932,0.454881092,635,144,2023-09,2023,Debit,103.0
153,CUST5664,ACC34821,Current,Deposit,Savings Account,Firm C,East,Manager 2,2023-11-08,79014.17173,67769.48711,0.285244245,317,56,2023-11,2023,Credit,258.0
54,CUST2694,ACC35163,Credit,Transfer,Credit Card,Firm D,East,Manager 1,2024-01-20,34609.33769,100708.3889,0.412738181,662,144,2024-01,2024,Debit,338.0
143,CUST6549,ACC35419,Current,Transfer,Credit Card,Firm E,West,Manager 3,2024-03-12,12486.61233,57279.65624,0.566752522,488,223,2024-03,2024,Debit,266.0
132,CUST9962,ACC35419,Credit,Deposit,Mutual Fund,Firm B,West,Manager 2,2024-06-11,6483.094472,55698.32351,0.602706284,673,216,2024-06,2024,Credit,91.0
103,CUST5574,ACC36079,Current,Payment,Home Loan,Firm B,North,Manager 1,2023-05-05,80393.79315,35164.66648,0.002559855,596,144,2023-05,2023,Debit,97.0
149,CUST1121,ACC37688,Loan,Deposit,Savings Account,Firm B,North,Manager 1,2024-01-20,62238.03208,113508.665,0.429920151,500,79,2024-01,2024,Credit,131.0
22,CUST6210,ACC39161,Savings,Deposit,Mutual Fund,Firm A,South,Manager 2,2023-09-26,80862.91572,66327.72133,0.429226076,740,153,2023-09,2023,Credit,222.0
124,CUST5105,ACC39161,Current,Payment,Savings Account,Firm C,Central,Manager 1,2024-06-13,82754.46141,42076.86243,0.719826256,478,218,2024-06,2024,Debit,261.0
170,CUST6330,ACC39482,Savings,Transfer,Credit Card,Firm A,East,Manager 4,2023-08-16,-16065.17912,95614.18147,0.600890546,754,195,2023-08,2023,Debit,162.0
139,CUST7345,ACC39482,Credit,Deposit,Mutual Fund,Firm E,North,Manager 4,2023-11-18,19111.34191,110538.099,0.476810834,535,70,2023-11,2023,Credit,94.0
142,CUST1776,ACC39482,Loan,Deposit,Savings Account,Firm A,West,Manager 1,2024-03-12,52274.16856,99889.90177,0.435633331,579,11,2024-03,2024,Credit,115.0
100,CUST3153,ACC39500,Current,Transfer,Mutual Fund,Firm E,South,Manager 4,2023-09-11,65297.61838,32232.33715,0.56463612,690,205,2023-09,2023,Debit,200.0
38,CUST4258,ACC39500,Loan,Withdrawal,Credit Card,Firm A,South,Manager 1,2024-01-01,75883.42472,90830.34292,0.263983363,750,77,2024-01,2024,Debit,112.0
134,CUST3609,ACC39529,Savings,Transfer,Personal Loan,Firm A,North,Manager 4,2023-08-16,44935.23204,67459.7909,0.20910935,684,141,2023-08,2023,Debit,87.0
169,CUST2188,ACC40939,Loan,Payment,Mutual Fund,Firm C,Central,Manager 2,2024-03-12,-29124.62485,70433.48821,0.695775875,594,141,2024-03,2024,Debit,267.0
32,CUST9129,ACC40939,Loan,Deposit,Credit Card,Firm C,Central,Manager 3,2024-06-21,70202.29994,82158.42249,0.400149523,758,141,2024-06,2024,Credit,90.0
165,CUST1738,ACC40952,Current,Withdrawal,Home Loan,Firm D,North,Manager 1,2023-09-06,70802.98982,57500.5844,0.606729618,770,118,2023-09,2023,Debit,78.0
197,CUST1776,ACC41829,Current,Payment,Mutual Fund,Firm C,South,Manager 4,2023-08-16,53973.43114,67695.44119,0.337833332,658,225,2023-08,2023,Debit,200.0
96,CUST8091,ACC42467,Loan,Transfer,Personal Loan,Firm C,South,Manager 4,2023-10-21,15062.59519,-30766.90697,0.404255506,375,39,2023-10,2023,Debit,187.0
51,CUST9079,ACC42467,Loan,Deposit,Personal Loan,Firm B,South,Manager 1,2024-02-09,4271.808546,80578.21183,0.42365985,499,197,2024-02,2024,Credit,95.0
1,CUST4595,ACC42710,Loan,Payment,Personal Loan,Firm E,West,Manager 1,2023-08-06,39383.55907,40230.34533,0.625391165,613,221,2023-08,2023,Debit,86.0
61,CUST5545,ACC42710,Loan,Payment,Savings Account,Firm D,East,Manager 2,2023-12-10,31910.05636,46011.58187,0.46037769,601,220,2023-12,2023,Debit,82.0
112,CUST9731,ACC42903,Savings,Payment,Credit Card,Firm D,East,Manager 4,2023-07-05,68261.0276,53889.29356,0.200806213,517,35,2023-07,2023,Debit,165.0
175,CUST3315,ACC45101,Credit,Payment,Personal Loan,Firm C,Central,Manager 3,2024-06-08,27244.1007,61320.51541,0.784786789,556,101,2024-06,2024,Debit,401.0
129,CUST2349,ACC45521,Current,Deposit,Personal Loan,Firm C,North,Manager 4,2023-07-01,29836.08888,102799.3971,0.334994806,355,70,2023-07,2023,Credit,146.0
129,CUST8028,ACC45521,Current,Withdrawal,Home Loan,Firm B,North,Manager 1,2024-05-02,89912.07264,16875.76442,0.485902204,544,141,2024-05,2024,Debit,194.0
86,CUST7933,ACC45907,Savings,Payment,Savings Account,Firm E,West,Manager 1,2023-08-11,122390.6882,73860.08518,0.54667639,604,25,2023-08,2023,Debit,82.0
195,CUST6776,ACC45907,Savings,Deposit,Mutual Fund,Firm C,Central,Manager 2,2023-11-06,48022.19413,9234.352543,0.324585385,568,173,2023-11,2023,Credit,87.0
42,CUST9843,ACC45907,Loan,Payment,Mutual Fund,Firm E,South,Manager 4,2024-03-14,30918.87133,144824.0552,0.35846024,433,122,2024-03,2024,Debit,129.0
26,CUST1776,ACC45951,Loan,Deposit,Home Loan,Firm E,North,Manager 3,2023-10-20,20859.34944,85726.37874,0.510762222,743,64,2023-10,2023,Credit,231.0
192,CUST3069,ACC45968,Current,Payment,Savings Account,Firm C,North,Manager 3,2023-08-17,90993.54691,129138.0076,0.687679251,485,239,2023-08,2023,Debit,130.0
142,CUST9666,ACC45968,Loan,Payment,Savings Account,Firm D,Central,Manager 1,2023-11-25,103256.1324,20294.06891,0.588772015,638,13,2023-11,2023,Debit,100.0
75,CUST9066,ACC46655,Current,Transfer,Home Loan,Firm B,East,Manager 1,2023-06-20,99548.80757,17704.31959,0.709739493,713,223,2023-06,2023,Debit,86.0
41,CUST9129,ACC46655,Credit,Withdrawal,Credit Card,Firm C,East,Manager 3,2023-10-20,66753.35776,13779.82401,0.627739962,808,146,2023-10,2023,Debit,107.0
123,CUST8390,ACC46655,Loan,Transfer,Home Loan,Firm B,North,Manager 1,2024-01-12,17119.20156,73636.40046,0.669830139,529,77,2024-01,2024,Debit,84.0
14,CUST2942,ACC46655,Current,Payment,Mutual Fund,Firm E,South,Manager 2,2024-05-27,14649.8624,55737.15323,0.505876185,729,160,2024-05,2024,Debit,136.0
121,CUST2427,ACC46953,Savings,Payment,Credit Card,Firm E,West,Manager 2,2023-12-25,6872.244576,42748.66956,0.349438295,512,203,2023-12,2023,Debit,252.0
84,CUST8529,ACC47099,Current,Payment,Credit Card,Firm A,East,Manager 1,2024-03-02,38383.3851,77076.63782,0.072960474,344,77,2024-03,2024,Debit,156.0
63,CUST4669,ACC48501,Loan,Withdrawal,Mutual Fund,Firm C,West,Manager 3,2024-05-02,14881.16795,34627.97917,0.307348424,780,164,2024-05,2024,Debit,130.0
56,CUST1497,ACC49140,Current,Payment,Credit Card,Firm B,West,Manager 2,2024-03-23,33939.68574,134797.4596,0.575198163,441,69,2024-03,2024,Debit,144.0
21,CUST4684,ACC49140,Credit,Payment,Savings Account,Firm D,West,Manager 4,2024-06-22,96913.83489,15668.11799,0.720605963,783,168,2024-06,2024,Debit,62.0
26,CUST4373,ACC49180,Current,Withdrawal,Credit Card,Firm D,Central,Manager 3,2024-01-04,39262.80383,123783.4018,0.549458117,666,209,2024-01,2024,Debit,304.0
180,CUST2842,ACC49180,Current,Withdrawal,Home Loan,Firm C,North,Manager 3,2024-04-01,109356.839,45153.93637,0.560204978,388,162,2024-04,2024,Debit,88.0
193,CUST7002,ACC49364,Savings,Payment,Savings Account,Firm B,South,Manager 2,2023-09-30,46503.14116,56719.75502,0.436683737,416,178,2023-09,2023,Debit,86.0
172,CUST6947,ACC49395,Savings,Deposit,Credit Card,Firm A,East,Manager 3,2023-07-17,71190.17615,50984.89346,0.25009788,330,85,2023-07,2023,Credit,85.0
140,CUST3131,ACC49422,Current,Withdrawal,Savings Account,Firm E,Central,Manager 2,2023-05-03,32788.7096,67303.17653,0.504767149,740,197,2023-05,2023,Debit,121.0
146,CUST3059,ACC49422,Loan,Withdrawal,Mutual Fund,Firm C,West,Manager 1,2023-07-30,49234.95296,101668.8436,0.613463973,642,229,2023-07,2023,Debit,65.0
80,CUST2871,ACC49422,Current,Transfer,Home Loan,Firm E,Central,Manager 2,2023-10-31,77458.12456,33544.57858,0.640516414,333,142,2023-10,2023,Debit,74.0
192,CUST4360,ACC49422,Credit,Withdrawal,Home Loan,Firm E,Central,Manager 3,2024-05-15,76732.3929,63700.35189,0.390218845,642,120,2024-05,2024,Debit,124.0
126,CUST7793,ACC49774,Current,Deposit,Home Loan,Firm A,South,Manager 1,2023-08-11,38268.58723,129706.0214,0.443119677,756,79,2023-08,2023,Credit,99.0
118,CUST3810,ACC49774,Savings,Deposit,Credit Card,Firm D,West,Manager 4,2024-01-08,20664.40982,88483.42208,0.483333125,522,29,2024-01,2024,Credit,150.0
99,CUST2188,ACC50439,Credit,Withdrawal,Mutual Fund,Firm B,East,Manager 2,2023-07-25,40122.96741,33029.48899,0.325403668,516,27,2023-07,2023,Debit,154.0
123,CUST3041,ACC50439,Loan,Deposit,Mutual Fund,Firm D,West,Manager 3,2023-11-29,24003.9062,99778.43703,0.627184736,841,134,2023-11,2023,Credit,127.0
37,CUST6937,ACC50439,Credit,Withdrawal,Personal Loan,Firm B,Central,Manager 2,2024-03-22,97674.69217,19727.51641,0.294506632,792,168,2024-03,2024,Debit,114.0
37,CUST5351,ACC50817,Loan,Withdrawal,Home Loan,Firm B,South,Manager 2,2023-07-17,18709.96503,72518.71671,0.630377572,573,54,2023-07,2023,Debit,157.0
1,CUST9683,ACC50817,Credit,Transfer,Savings Account,Firm A,West,Manager 4,2023-10-20,55650.16959,92208.04237,0.539875528,796,222,2023-10,2023,Debit,87.0
155,CUST5500,ACC51009,Credit,Deposit,Savings Account,Firm A,South,Manager 4,2023-10-19,32232.96758,22103.6682,0.082279374,563,110,2023-10,2023,Credit,64.0
92,CUST5320,ACC51593,Savings,Withdrawal,Savings Account,Firm C,South,Manager 2,2023-05-08,80087.77587,80344.11545,0.732625155,755,165,2023-05,2023,Debit,81.0
155,CUST3015,ACC51593,Loan,Withdrawal,Credit Card,Firm E,West,Manager 3,2023-07-30,87421.92578,82220.29537,0.263750375,660,166,2023-07,2023,Debit,83.0
69,CUST6029,ACC51593,Current,Deposit,Home Loan,Firm B,West,Manager 4,2024-01-08,93937.94765,92300.782,0.605475759,621,138,2024-01,2024,Credit,162.0
98,CUST7120,ACC53466,Savings,Payment,Personal Loan,Firm A,North,Manager 2,2023-06-19,38198.36294,26341.90205,0.580088285,622,218,2023-06,2023,Debit,153.0
39,CUST4595,ACC53466,Credit,Withdrawal,Credit Card,Firm A,West,Manager 3,2023-12-24,30625.26484,83699.11043,0.147050546,715,60,2023-12,2023,Debit,188.0
11,CUST7120,ACC53865,Loan,Payment,Personal Loan,Firm E,West,Manager 3,2024-06-21,22185.43995,106809.9807,0.361023734,547,105,2024-06,2024,Debit,528.0
81,CUST7002,ACC54589,Loan,Payment,Home Loan,Firm D,South,Manager 3,2023-09-26,54141.25934,3709.653463,0.13577817,430,207,2023-09,2023,Debit,99.0
161,CUST9564,ACC54589,Credit,Transfer,Home Loan,Firm D,Central,Manager 2,2024-02-05,108673.839,108556.5204,1.082311782,823,178,2024-02,2024,Debit,80.0
162,CUST2805,ACC55331,Loan,Withdrawal,Credit Card,Firm A,North,Manager 2,2023-11-21,28831.29752,18395.52189,0.04248353,376,225,2023-11,2023,Debit,295.0
42,CUST2541,ACC55331,Credit,Withdrawal,Home Loan,Firm D,Central,Manager 4,2024-02-05,59141.11524,35288.67856,0.309628756,848,134,2024-02,2024,Debit,76.0
56,CUST7459,ACC55729,Credit,Payment,Credit Card,Firm D,East,Manager 1,2023-10-06,67575.08507,60162.22571,0.327989053,378,194,2023-10,2023,Debit,213.0
136,CUST9439,ACC55729,Current,Withdrawal,Home Loan,Firm D,Central,Manager 3,2024-05-22,52368.93797,38046.7187,0.461496467,673,32,2024-05,2024,Debit,229.0
166,CUST3315,ACC57516,Loan,Transfer,Savings Account,Firm A,South,Manager 3,2023-10-22,77753.77381,19620.06165,0.328938834,409,105,2023-10,2023,Debit,170.0
63,CUST7173,ACC57516,Loan,Payment,Mutual Fund,Firm D,East,Manager 4,2024-02-17,17767.98572,65164.18537,0.99182875,796,224,2024-02,2024,Debit,91.0
194,CUST1962,ACC57597,Credit,Transfer,Savings Account,Firm E,North,Manager 3,2023-05-15,74648.33023,75612.47861,0.337384186,309,155,2023-05,2023,Debit,83.0
160,CUST3306,ACC57597,Credit,Transfer,Mutual Fund,Firm A,Central,Manager 3,2023-10-20,32348.97184,121936.6275,0.426873105,469,220,2023-10,2023,Debit,158.0
198,CUST8874,ACC57597,Credit,Transfer,Credit Card,Firm A,West,Manager 3,2024-04-25,101179.1686,57361.74978,0.418398063,493,68,2024-04,2024,Debit,188.0
64,CUST5920,ACC57700,Loan,Transfer,Home Loan,Firm C,West,Manager 3,2024-02-06,56229.26284,53437.20401,1.145058221,345,148,2024-02,2024,Debit,233.0
179,CUST4241,ACC57872,Loan,Transfer,Personal Loan,Firm C,West,Manager 2,2023-10-18,86544.75121,81717.19069,0.729375989,599,223,2023-10,2023,Debit,190.0
66,CUST4438,ACC58078,Savings,Deposit,Savings Account,Firm C,West,Manager 3,2023-05-11,26948.93519,55419.23593,0.508923997,718,129,2023-05,2023,Credit,88.0
153,CUST6526,ACC58078,Credit,Withdrawal,Mutual Fund,Firm A,Central,Manager 2,2024-01-20,21365.5765,82729.66062,0.545862142,654,45,2024-01,2024,Debit,254.0
126,CUST5894,ACC58078,Loan,Transfer,Personal Loan,Firm C,East,Manager 3,2024-06-11,51347.72171,72280.27486,0.551041902,333,99,2024-06,2024,Debit,143.0
158,CUST2412,ACC58667,Current,Withdrawal,Home Loan,Firm A,West,Manager 4,2023-04-11,55090.2471,48248.00244,0.135276105,704,169,2023-04,2023,Debit,73.0
57,CUST9439,ACC58667,Credit,Withdrawal,Home Loan,Firm B,North,Manager 3,2023-09-13,28531.6196,69271.33174,0.645044546,513,63,2023-09,2023,Debit,155.0
63,CUST4625,ACC58667,Savings,Transfer,Credit Card,Firm D,West,Manager 2,2023-11-28,78415.16632,91470.29536,0.398999117,509,170,2023-11,2023,Debit,76.0
18,CUST2443,ACC60432,Credit,Transfer,Credit Card,Firm D,West,Manager 1,2023-08-06,30302.69216,63232.42005,0.718390579,465,17,2023-08,2023,Debit,111.0
98,CUST1498,ACC60432,Current,Transfer,Home Loan,Firm B,Central,Manager 3,2024-02-09,7497.952844,56881.25367,0.461536677,691,212,2024-02,2024,Debit,138.0
130,CUST8344,ACC60432,Current,Withdrawal,Home Loan,Firm D,Central,Manager 1,2024-05-15,44087.80826,101049.1672,0.862042547,725,236,2024-05,2024,Debit,96.0
10,CUST7173,ACC61926,Credit,Deposit,Mutual Fund,Firm D,West,Manager 4,2024-05-15,4468.028806,77515.75201,0.705600394,709,141,2024-05,2024,Credit,378.0
53,CUST9038,ACC64022,Savings,Deposit,Home Loan,Firm A,West,Manager 1,2024-01-01,76778.54492,111888.5617,0.827875337,801,182,2024-01,2024,Credit,300.0
181,CUST8461,ACC64022,Current,Withdrawal,Savings Account,Firm C,Central,Manager 2,2024-05-27,49842.01448,89498.33985,0.225772251,350,169,2024-05,2024,Debit,147.0
75,CUST5574,ACC64785,Loan,Deposit,Home Loan,Firm B,South,Manager 3,2023-12-21,109616.2414,50029.63819,0.205163274,573,20,2023-12,2023,Credit,186.0
135,CUST8028,ACC64785,Savings,Transfer,Personal Loan,Firm B,North,Manager 2,2024-04-25,68978.99622,105103.5047,0.652723854,472,229,2024-04,2024,Debit,126.0
106,CUST6937,ACC65144,Savings,Transfer,Mutual Fund,Firm D,East,Manager 3,2023-07-06,57508.00185,19847.81739,0.909006427,748,72,2023-07,2023,Debit,122.0
50,CUST1042,ACC65144,Savings,Withdrawal,Home Loan,Firm A,Central,Manager 3,2024-03-28,83443.83846,59260.74405,0.366774084,505,200,2024-03,2024,Debit,266.0
72,CUST9754,ACC65545,Savings,Payment,Personal Loan,Firm B,Central,Manager 2,2023-10-31,31228.84045,54148.75773,0.343344203,565,95,2023-10,2023,Debit,179.0
47,CUST4126,ACC65545,Credit,Withdrawal,Credit Card,Firm B,South,Manager 1,2024-02-17,-16109.47732,82225.00168,0.640823057,627,131,2024-02,2024,Debit,109.0
105,CUST5610,ACC65545,Loan,Withdrawal,Personal Loan,Firm C,North,Manager 4,2024-05-15,70019.62572,82132.48491,0.250997068,530,168,2024-05,2024,Debit,88.0
113,CUST4438,ACC66086,Credit,Transfer,Credit Card,Firm C,East,Manager 3,2023-12-17,63737.99772,109226.9751,0.30776868,786,103,2023-12,2023,Debit,102.0
53,CUST4769,ACC66086,Credit,Transfer,Personal Loan,Firm A,West,Manager 1,2024-03-01,48786.13278,39126.14626,0.395125252,757,149,2024-03,2024,Debit,75.0
136,CUST6350,ACC66190,Credit,Transfer,Credit Card,Firm C,South,Manager 3,2023-08-23,92721.49019,52351.34489,0.337852276,515,15,2023-08,2023,Debit,78.0
117,CUST6776,ACC66190,Savings,Withdrawal,Home Loan,Firm A,South,Manager 4,2024-04-15,76141.66909,65509.47083,0.44729998,608,90,2024-04,2024,Debit,180.0
165,CUST8461,ACC67701,Loan,Transfer,Credit Card,Firm C,East,Manager 3,2023-05-29,42658.86212,86800.95351,0.170135313,457,137,2023-05,2023,Debit,136.0
107,CUST1888,ACC67701,Savings,Payment,Credit Card,Firm D,Central,Manager 1,2023-09-11,36325.14144,94697.83192,0.548722988,848,167,2023-09,2023,Debit,105.0
185,CUST8266,ACC67701,Current,Withdrawal,Credit Card,Firm E,South,Manager 3,2024-05-02,44812.08355,59825.02636,0.405281174,442,214,2024-05,2024,Debit,192.0
116,CUST5912,ACC67713,Savings,Deposit,Mutual Fund,Firm D,North,Manager 2,2024-01-04,57690.60114,62788.17682,0.709026809,523,144,2024-01,2024,Credit,322.0
52,CUST9248,ACC69323,Current,Payment,Personal Loan,Firm B,North,Manager 2,2023-08-22,65974.35892,51552.66567,0.256656401,467,118,2023-08,2023,Debit,172.0
6,CUST1376,ACC69323,Loan,Withdrawal,Mutual Fund,Firm E,North,Manager 2,2024-02-05,33161.72178,109728.1897,0.37558359,670,147,2024-02,2024,Debit,150.0
77,CUST4360,ACC70314,Loan,Payment,Savings Account,Firm B,South,Manager 1,2023-07-01,48377.6431,116825.3736,0.36364051,717,146,2023-07,2023,Debit,161.0
32,CUST6319,ACC70314,Savings,Withdrawal,Mutual Fund,Firm A,South,Manager 2,2023-09-08,27437.88396,49218.99362,0.474379813,490,102,2023-09,2023,Debit,69.0
138,CUST8288,ACC70314,Credit,Transfer,Mutual Fund,Firm C,Central,Manager 4,2023-11-21,8361.067869,81715.97061,0.369649174,311,102,2023-11,2023,Debit,74.0
142,CUST2871,ACC70460,Current,Payment,Home Loan,Firm C,West,Manager 1,2023-05-29,43413.12209,87136.6963,0.224742722,362,28,2023-05,2023,Debit,80.0
20,CUST8028,ACC70460,Savings,Deposit,Credit Card,Firm B,South,Manager 1,2023-10-03,7915.281556,15831.47314,0.07594596,792,235,2023-10,2023,Credit,127.0
94,CUST7493,ACC70741,Loan,Transfer,Home Loan,Firm E,West,Manager 1,2023-05-03,79045.52051,96012.56231,0.194295542,800,136,2023-05,2023,Debit,110.0
48,CUST3153,ACC71388,Loan,Payment,Mutual Fund,Firm B,South,Manager 1,2023-11-06,49104.93573,64952.73863,0.554535209,836,47,2023-11,2023,Debit,211.0
116,CUST9216,ACC71388,Savings,Withdrawal,Home Loan,Firm A,South,Manager 4,2024-05-27,122857.8311,71249.53038,0.584712916,436,177,2024-05,2024,Debit,203.0
20,CUST4595,ACC71938,Savings,Withdrawal,Savings Account,Firm D,South,Manager 1,2023-10-19,17919.56015,69512.24467,0.549873797,786,192,2023-10,2023,Debit,286.0
48,CUST6082,ACC71938,Loan,Payment,Savings Account,Firm B,North,Manager 2,2024-03-05,109852.8031,-12493.95639,-0.000777933,529,118,2024-03,2024,Debit,97.0
19,CUST1189,ACC72197,Savings,Payment,Home Loan,Firm D,East,Manager 2,2023-08-10,96360.15829,34160.09806,0.280014301,767,199,2023-08,2023,Debit,156.0
141,CUST3810,ACC72197,Credit,Withdrawal,Home Loan,Firm E,West,Manager 4,2024-01-29,12927.6372,-14934.03449,0.305936409,836,236,2024-01,2024,Debit,172.0
5,CUST5705,ACC72197,Current,Withdrawal,Personal Loan,Firm A,East,Manager 2,2024-05-02,39859.95635,75756.92285,0.566581218,770,12,2024-05,2024,Debit,94.0
119,CUST4360,ACC73104,Current,Withdrawal,Savings Account,Firm B,South,Manager 2,2023-09-28,26089.56623,59254.82522,0.552929485,845,51,2023-09,2023,Debit,250.0
105,CUST2694,ACC74631,Loan,Payment,Personal Loan,Firm C,North,Manager 3,2023-12-25,73064.28556,15540.86429,0.580571156,561,40,2023-12,2023,Debit,136.0
164,CUST7120,ACC74656,Credit,Withdrawal,Mutual Fund,Firm B,North,Manager 2,2023-12-17,22534.15353,54613.89366,0.600388707,623,18,2023-12,2023,Debit,121.0
133,CUST7994,ACC74656,Current,Transfer,Personal Loan,Firm C,Central,Manager 1,2024-06-08,30447.65406,67023.09591,0.093427212,502,74,2024-06,2024,Debit,174.0
61,CUST5320,ACC75675,Credit,Deposit,Mutual Fund,Firm C,West,Manager 4,2023-06-18,56999.73579,112722.4702,0.453423955,705,97,2023-06,2023,Credit,134.0
42,CUST7395,ACC75675,Savings,Transfer,Credit Card,Firm D,West,Manager 2,2023-09-08,39854.23201,88614.59685,0.364896962,628,217,2023-09,2023,Debit,82.0
69,CUST7120,ACC75675,Credit,Transfer,Home Loan,Firm E,Central,Manager 4,2023-12-25,52195.04459,79851.49501,0.567003376,824,164,2023-12,2023,Debit,86.0
68,CUST2427,ACC75675,Loan,Transfer,Credit Card,Firm C,East,Manager 4,2024-06-11,60813.11004,48467.24699,1.017737761,837,125,2024-06,2024,Debit,169.0
89,CUST8416,ACC75767,Credit,Transfer,Savings Account,Firm E,West,Manager 4,2023-05-12,79920.76373,43231.14012,0.301471947,820,23,2023-05,2023,Debit,111.0
96,CUST2067,ACC75767,Savings,Payment,Credit Card,Firm D,West,Manager 3,2023-08-22,51819.39991,85028.9469,0.281526616,375,188,2023-08,2023,Debit,102.0
173,CUST1189,ACC75767,Savings,Deposit,Savings Account,Firm B,East,Manager 3,2023-10-31,103794.7366,71164.34386,0.765661052,696,126,2023-10,2023,Credit,70.0
124,CUST3810,ACC75767,Savings,Transfer,Savings Account,Firm D,South,Manager 4,2024-05-27,50891.05504,91684.90984,0.958379809,701,19,2024-05,2024,Debit,209.0
74,CUST1888,ACC76549,Savings,Deposit,Savings Account,Firm A,East,Manager 4,2023-07-26,47761.52447,32863.90428,0.437622743,310,57,2023-07,2023,Credit,84.0
126,CUST5705,ACC76549,Loan,Transfer,Mutual Fund,Firm E,West,Manager 2,2024-01-01,13505.71863,90683.96518,0.306096608,353,161,2024-01,2024,Debit,113.0
163,CUST2188,ACC76597,Current,Payment,Personal Loan,Firm B,Central,Manager 3,2023-05-12,79844.7596,7800.507429,0.811947298,305,163,2023-05,2023,Debit,130.0
113,CUST3725,ACC76597,Current,Payment,Credit Card,Firm C,South,Manager 1,2023-10-22,49561.19622,89209.14214,0.373242038,434,65,2023-10,2023,Debit,163.0
57,CUST7173,ACC76597,Savings,Withdrawal,Mutual Fund,Firm A,West,Manager 1,2024-06-21,36815.70123,48372.96654,0.502899882,602,225,2024-06,2024,Debit,205.0
54,CUST6776,ACC76699,Loan,Transfer,Credit Card,Firm D,East,Manager 3,2023-08-18,85526.38085,146314.3592,0.351080124,777,194,2023-08,2023,Debit,189.0
154,CUST1497,ACC77533,Credit,Payment,Mutual Fund,Firm B,West,Manager 3,2023-07-17,52266.24698,45458.3388,0.522411231,423,234,2023-07,2023,Debit,131.0
155,CUST9216,ACC77533,Current,Transfer,Savings Account,Firm C,West,Manager 4,2023-10-24,98185.77957,112249.9474,1.016696096,457,151,2023-10,2023,Debit,99.0
58,CUST4241,ACC77592,Current,Withdrawal,Savings Account,Firm E,Central,Manager 4,2023-07-06,81276.93321,122527.3788,0.68179564,629,56,2023-07,2023,Debit,64.0
49,CUST6526,ACC77592,Savings,Payment,Home Loan,Firm C,South,Manager 1,2024-02-17,69969.51344,112239.6879,0.258499176,481,58,2024-02,2024,Debit,226.0
37,CUST2842,ACC77638,Credit,Payment,Home Loan,Firm E,North,Manager 4,2023-06-19,21552.75673,103817.6748,0.3241043,522,185,2023-06,2023,Debit,118.0
6,CUST9754,ACC77638,Loan,Deposit,Personal Loan,Firm E,Central,Manager 4,2024-06-16,13313.60282,50492.57399,0.353603561,838,14,2024-06,2024,Credit,363.0
171,CUST2694,ACC77773,Credit,Deposit,Savings Account,Firm E,North,Manager 3,2023-06-01,72394.68812,31108.92905,0.40894204,507,97,2023-06,2023,Credit,137.0
84,CUST7173,ACC77773,Credit,Withdrawal,Home Loan,Firm E,Central,Manager 4,2023-08-23,67776.62629,58876.57941,0.664630995,435,56,2023-08,2023,Debit,83.0
3,CUST3762,ACC77773,Credit,Deposit,Savings Account,Firm D,West,Manager 2,2024-02-17,92609.55081,71983.20068,0.422500311,736,44,2024-02,2024,Credit,178.0
71,CUST5428,ACC78089,Credit,Deposit,Home Loan,Firm A,Central,Manager 2,2023-08-18,22482.36679,103456.7125,0.379095405,497,59,2023-08,2023,Credit,95.0
61,CUST2349,ACC78089,Credit,Payment,Mutual Fund,Firm A,West,Manager 4,2023-11-29,5217.094038,57184.07672,0.181040648,686,152,2023-11,2023,Debit,62.0
177,CUST5609,ACC78089,Loan,Withdrawal,Mutual Fund,Firm E,Central,Manager 1,2024-02-05,36120.47977,93329.94206,0.702837095,333,40,2024-02,2024,Debit,68.0
4,CUST9564,ACC78089,Current,Transfer,Personal Loan,Firm B,North,Manager 3,2024-06-07,100617.6866,84379.44201,0.221020148,363,90,2024-06,2024,Debit,123.0
89,CUST2699,ACC78178,Loan,Transfer,Savings Account,Firm D,South,Manager 4,2024-04-01,83694.82328,102079.9151,0.132869011,815,220,2024-04,2024,Debit,403.0
177,CUST8461,ACC78178,Current,Transfer,Savings Account,Firm D,South,Manager 1,2024-06-21,63150.82009,6930.236041,0.462565766,757,178,2024-06,2024,Debit,81.0
13,CUST7002,ACC78581,Current,Withdrawal,Mutual Fund,Firm B,South,Manager 4,2024-06-11,-2836.618108,108303.3448,0.879979365,760,137,2024-06,2024,Debit,89.0
32,CUST4769,ACC78589,Credit,Deposit,Home Loan,Firm E,East,Manager 3,2024-01-08,27040.10079,56434.13542,0.713065543,428,107,2024-01,2024,Credit,122.0
137,CUST1644,ACC80131,Loan,Deposit,Savings Account,Firm B,East,Manager 1,2023-08-22,14874.62748,100449.544,0.430868795,766,101,2023-08,2023,Credit,82.0
190,CUST6391,ACC80131,Savings,Deposit,Home Loan,Firm A,South,Manager 3,2023-11-08,73032.04008,89937.28405,0.271400891,566,101,2023-11,2023,Credit,78.0
30,CUST1768,ACC80442,Current,Withdrawal,Savings Account,Firm E,South,Manager 3,2023-08-16,12322.49792,68989.60147,0.563057355,615,159,2023-08,2023,Debit,200.0
189,CUST1768,ACC80442,Current,Payment,Savings Account,Firm C,North,Manager 1,2023-12-17,62684.69628,5942.596131,0.473898331,665,28,2023-12,2023,Debit,123.0
60,CUST3449,ACC80442,Loan,Payment,Credit Card,Firm B,South,Manager 1,2024-03-14,55978.02572,152157.1984,0.336014948,622,64,2024-03,2024,Debit,88.0
32,CUST8028,ACC82298,Loan,Payment,Home Loan,Firm E,West,Manager 2,2023-11-24,92845.54108,50399.5383,0.537084962,415,127,2023-11,2023,Debit,110.0
7,CUST1913,ACC82381,Savings,Withdrawal,Credit Card,Firm A,West,Manager 3,2023-12-30,69812.77364,113432.4753,0.34136358,738,63,2023-12,2023,Debit,69.0
108,CUST3187,ACC82381,Loan,Deposit,Mutual Fund,Firm C,East,Manager 2,2024-03-01,62278.22963,116845.2051,0.782925563,769,215,2024-03,2024,Credit,62.0
29,CUST8266,ACC82381,Loan,Deposit,Savings Account,Firm B,Central,Manager 4,2024-05-28,73484.39024,116398.6519,0.383960274,690,108,2024-05,2024,Credit,84.0
155,CUST1887,ACC82926,Savings,Deposit,Home Loan,Firm E,South,Manager 4,2024-02-21,57720.21022,108527.5279,0.624343744,759,20,2024-02,2024,Credit,249.0
188,CUST8390,ACC82947,Current,Payment,Credit Card,Firm E,South,Manager 1,2023-08-04,34263.16636,79601.70988,0.396555676,819,218,2023-08,2023,Debit,168.0
58,CUST8028,ACC82947,Savings,Transfer,Home Loan,Firm D,South,Manager 2,2024-04-25,94138.90059,54042.66751,0.712683754,716,215,2024-04,2024,Debit,185.0
166,CUST3315,ACC83005,Credit,Transfer,Mutual Fund,Firm B,Central,Manager 3,2023-11-07,10386.58783,86193.65492,0.13502857,422,130,2023-11,2023,Debit,270.0
83,CUST6549,ACC83269,Current,Withdrawal,Mutual Fund,Firm B,West,Manager 3,2023-10-19,73062.59933,57908.36361,0.327184188,749,237,2023-10,2023,Debit,140.0
117,CUST6082,ACC83269,Current,Withdrawal,Home Loan,Firm E,South,Manager 1,2024-04-21,8638.169084,74365.29079,0.458668642,421,183,2024-04,2024,Debit,185.0
19,CUST1888,ACC83581,Loan,Transfer,Home Loan,Firm B,Central,Manager 3,2023-05-26,22950.64668,100288.1344,0.406079279,504,106,2023-05,2023,Debit,110.0
53,CUST4402,ACC83581,Savings,Deposit,Credit Card,Firm B,West,Manager 4,2023-10-20,61890.75255,50162.4268,0.551151425,812,57,2023-10,2023,Credit,93.0
157,CUST2464,ACC83581,Credit,Transfer,Savings Account,Firm C,West,Manager 2,2023-12-24,51377.12523,166960.8009,0.421841991,834,165,2023-12,2023,Debit,65.0
96,CUST8279,ACC83581,Loan,Deposit,Home Loan,Firm A,Central,Manager 3,2024-03-21,47723.54764,56538.50444,0.626168172,547,161,2024-03,2024,Credit,88.0
156,CUST1121,ACC83848,Credit,Transfer,Personal Loan,Firm C,North,Manager 4,2024-03-02,13783.95425,83103.73632,0.439771628,662,66,2024-03,2024,Debit,275.0
133,CUST5500,ACC87006,Credit,Transfer,Personal Loan,Firm B,West,Manager 2,2024-05-28,45650.39477,91506.21894,0.304745151,454,23,2024-05,2024,Debit,401.0
176,CUST1042,ACC87602,Savings,Transfer,Mutual Fund,Firm E,Central,Manager 2,2023-04-19,36789.06168,100858.8877,-0.021983626,487,51,2023-04,2023,Debit,66.0
69,CUST6525,ACC88286,Savings,Payment,Personal Loan,Firm A,Central,Manager 3,2023-08-06,26279.51597,88180.00062,0.028400256,785,108,2023-08,2023,Debit,74.0
41,CUST4763,ACC88286,Loan,Deposit,Personal Loan,Firm B,Central,Manager 1,2024-02-04,-5498.094108,126919.5589,0.473967124,716,128,2024-02,2024,Credit,123.0
75,CUST3725,ACC88286,Savings,Transfer,Credit Card,Firm A,North,Manager 2,2024-06-22,96977.59489,109659.5338,0.525932877,323,234,2024-06,2024,Debit,135.0
127,CUST8266,ACC88449,Current,Payment,Credit Card,Firm D,West,Manager 3,2023-07-01,66690.23305,45759.34789,0.84267986,847,115,2023-07,2023,Debit,130.0
89,CUST1962,ACC88449,Credit,Withdrawal,Credit Card,Firm C,East,Manager 4,2024-02-04,57066.9436,42309.8277,0.527614379,488,179,2024-02,2024,Debit,218.0
87,CUST4780,ACC88516,Current,Payment,Personal Loan,Firm B,South,Manager 3,2024-03-01,30731.93506,64531.45263,0.288142596,335,227,2024-03,2024,Debit,157.0
39,CUST3131,ACC90887,Loan,Payment,Home Loan,Firm C,South,Manager 1,2023-08-16,64644.86493,95962.48088,0.459471154,457,227,2023-08,2023,Debit,121.0
172,CUST8250,ACC90887,Current,Withdrawal,Home Loan,Firm D,East,Manager 3,2024-01-01,-8402.732201,56723.99805,0.396430614,702,171,2024-01,2024,Debit,73.0
45,CUST7651,ACC91220,Loan,Deposit,Home Loan,Firm D,North,Manager 4,2024-02-21,40435.59939,147926.4165,0.155613368,436,42,2024-02,2024,Credit,265.0
180,CUST4438,ACC91723,Credit,Withdrawal,Credit Card,Firm C,West,Manager 4,2023-10-26,18055.24235,156464.7588,0.379032895,336,108,2023-10,2023,Debit,99.0
76,CUST7493,ACC91723,Savings,Payment,Home Loan,Firm E,East,Manager 1,2024-03-01,98264.75157,135415.8488,0.327495946,468,120,2024-03,2024,Debit,122.0
197,CUST5351,ACC92360,Savings,Transfer,Savings Account,Firm D,North,Manager 1,2023-08-04,63155.05251,71220.48878,0.394949063,467,232,2023-08,2023,Debit,70.0
10,CUST8461,ACC92360,Loan,Deposit,Credit Card,Firm C,South,Manager 4,2024-04-16,116468.7483,94608.84962,1.116346677,849,50,2024-04,2024,Credit,223.0
159,CUST3015,ACC92558,Savings,Payment,Savings Account,Firm A,Central,Manager 3,2023-05-05,101394.4973,26763.90303,0.387198015,624,34,2023-05,2023,Debit,89.0
119,CUST6525,ACC92558,Loan,Transfer,Home Loan,Firm B,West,Manager 4,2023-11-07,76553.67701,102730.2385,0.556179333,787,79,2023-11,2023,Debit,186.0
2,CUST6525,ACC92558,Credit,Payment,Personal Loan,Firm E,South,Manager 1,2024-03-23,43787.15815,33199.98936,0.316435472,747,85,2024-03,2024,Debit,137.0
52,CUST1189,ACC94203,Current,Deposit,Personal Loan,Firm B,East,Manager 1,2024-01-20,44471.93838,58507.88938,0.63048751,581,174,2024-01,2024,Credit,272.0
67,CUST5610,ACC94242,Credit,Transfer,Savings Account,Firm E,Central,Manager 2,2023-08-16,56871.65143,157730.2153,0.576156452,506,178,2023-08,2023,Debit,171.0
100,CUST4794,ACC94242,Savings,Transfer,Mutual Fund,Firm B,South,Manager 2,2023-11-19,69180.93109,31451.69193,0.865635422,436,78,2023-11,2023,Debit,94.0
138,CUST5894,ACC95164,Loan,Deposit,Savings Account,Firm E,Central,Manager 2,2023-07-19,36165.04064,123420.5588,0.592412716,505,46,2023-07,2023,Credit,131.0
47,CUST1749,ACC95164,Current,Withdrawal,Personal Loan,Firm A,North,Manager 1,2023-10-20,51893.68271,124806.8968,0.477213633,793,139,2023-10,2023,Debit,93.0
117,CUST3041,ACC95164,Credit,Deposit,Credit Card,Firm A,West,Manager 3,2024-04-06,142081.629,60296.30589,0.368575915,560,104,2024-04,2024,Credit,169.0
197,CUST3069,ACC95774,Current,Deposit,Credit Card,Firm C,East,Manager 1,2023-09-19,102958.1893,112767.6622,0.386169138,448,202,2023-09,2023,Credit,127.0
2,CUST3187,ACC95774,Loan,Transfer,Mutual Fund,Firm E,West,Manager 3,2024-03-19,25389.3097,123826.3254,0.18664042,325,9,2024-03,2024,Debit,182.0
102,CUST3109,ACC96277,Savings,Deposit,Mutual Fund,Firm B,North,Manager 4,2023-12-17,94924.35912,56670.15864,0.78898946,686,130,2023-12,2023,Credit,145.0
163,CUST1840,ACC96277,Credit,Payment,Savings Account,Firm A,Central,Manager 2,2024-06-08,29815.97431,69587.26097,0.602672418,566,83,2024-06,2024,Debit,174.0
86,CUST6947,ACC96868,Credit,Transfer,Mutual Fund,Firm A,South,Manager 4,2023-09-10,20346.6254,58645.04941,0.078654744,802,219,2023-09,2023,Debit,146.0
2,CUST5664,ACC97225,Current,Payment,Credit Card,Firm A,Central,Manager 3,2023-05-12,36436.36323,57386.06297,0.50750258,364,37,2023-05,2023,Debit,63.0
69,CUST1776,ACC97225,Credit,Payment,Credit Card,Firm A,South,Manager 3,2024-03-22,31324.57163,85716.07828,0.580946089,316,129,2024-03,2024,Debit,236.0
64,CUST5610,ACC97411,Loan,Deposit,Credit Card,Firm C,Central,Manager 2,2024-04-25,95804.73607,82355.32469,0.458424686,637,67,2024-04,2024,Credit,227.0
59,CUST3006,ACC99117,Savings,Withdrawal,Mutual Fund,Firm D,Central,Manager 1,2023-08-18,25157.06696,61001.12467,0.43546146,655,64,2023-08,2023,Debit,183.0
112,CUST7887,ACC99117,Loan,Withdrawal,Mutual Fund,Firm B,North,Manager 1,2024-05-02,42689.8457,99998.1843,0.460567008,311,160,2024-05,2024,Debit,219.0
95,CUST1497,ACC99409,Credit,Transfer,Mutual Fund,Firm D,East,Manager 3,2023-06-01,63021.36122,32709.23813,0.716030547,310,218,2023-06,2023,Debit,85.0
193,CUST9066,ACC99409,Loan,Payment,Savings Account,Firm A,South,Manager 3,2023-10-04,41067.1941,127833.4649,0.132467899,473,219,2023-10,2023,Debit,125.0
122,CUST3609,ACC99549,Loan,Transfer,Credit Card,Firm B,South,Manager 1,2023-09-13,58574.85031,29030.70568,0.734198145,481,97,2023-09,2023,Debit,69.0
1,CUST6776,ACC99549,Savings,Payment,Personal Loan,Firm E,West,Manager 2,2024-03-22,32735.51092,106823.1215,0.03904814,711,81,2024-03,2024,Debit,191.0
